"id","contenttypeNodeId","text","sortorder","uniqueID"
"3","1032","Image","1","79ed4d07-254a-42cf-8fa9-ebe1c116a596"
"4","1033","File","1","50899f9c-023a-4466-b623-aba9049885fe"
"11","1044","Membership","1","0756729d-d665-46e3-b84a-37aceaa614f8"
"12","1092","Content","0","b416f8cc-de9f-4ad5-a1cf-1fe838a4306a"
"13","1093","Navigation & SEO","0","0c9e0019-fabb-4017-bb75-831b2fe3d191"
"14","1094","Shop","0","3662f748-0253-4f82-8244-d885926140da"
"15","1095","Product Details","0","0c577598-fedc-447a-9997-8970eb7c018f"
"16","1095","Features","1","aab7c5b7-f4a7-431c-9174-39bc93b2c29a"
"17","1095","Detailed Description","2","e5c059b3-1222-4dac-99ba-9fa17c0345f9"
"18","1096","Details","0","38b43bb3-2143-4387-86f4-f93c8ff41846"
"19","1096","Social","0","9d7bb793-b286-499a-b065-0521379cc8c3"
"20","1097","Content","0","8b3969fa-6afa-4358-a879-8031c97a2866"
"21","1098","Hero","0","ac9ac86b-2c37-4199-afd4-431e9fb309b2"
"22","1098","Content","1","e9a53650-3d39-48d2-90f0-5c346f32c436"
"23","1098","Footer","2","82c56114-c5c7-456f-85cc-1c82e982f014"
"24","1098","Design","3","f3e185fc-5ae5-409a-93df-823554fae6a4"
"25","1099","Feature","0","eebcf9ff-e3b6-46c6-a68e-0ecd3325df19"
"26","1101","Form","0","1028380b-acbe-4659-954d-d9531afcea65"
"27","1101","Map","1","ee6dbcd3-2819-4fc9-8b9e-3f8c004e36ff"
"28","1102","Content","0","70e5d7bb-d671-44d7-b288-9ec592bd7232"
"29","1103","Settings","0","e6126a8c-5899-47bd-92af-89b3df5299d4"
